[
    {
        "ID": "001",
        "Name": "Eurasian Collared-Dove",
        "Author": "auth001",
        "Year": "1998"
    },
    {
        "ID": "002",
        "Name": "Bald Eagle",
        "Author": "auth002",
        "Year": "1995"
    },
    {
        "ID": "003",
        "Name": "Cooper's Hawk",
        "Author": "auth003",
        "Year": "2001"
    },
    {
        "ID": "004",
        "Name": "Bell's Sparrow",
        "Author": "auth004",
        "Year": "1995"
    },
    {
        "ID": "005",
        "Name": "Mourning Dove",
        "Author": "auth005",
        "Year": "1989"
    },
    {
        "ID": "006",
        "Name": "Rock Pigeon",
        "Author": "auth006",
        "Year": "2000"
    },
    {
        "ID": "007",
        "Name": "Abert's Towhee",
        "Author": "auth007",
        "Year": "1990"
    },
    {
        "ID": "008",
        "Name": "Brewer's Sparrow",
        "Author": "auth008",
        "Year": "2001"
    },
    {
        "ID": "009",
        "Name": "Canyon Towhee",
        "Author": "auth009",
        "Year": "1998"
    },
    {
        "ID": "010",
        "Name": "Black Vulture",
        "Author": "auth010",
        "Year": "1987"
    }
]